CustomerID,CustomerName,Age,Gender,LocationID
C001,Aarav Sharma,27.0,Male,L007
C002,Vivaan Kulkarni,54.0,Male,L007
C003,Aditya Jadhav,33.0,Female,L013
C004,Arjun Shinde,36.0,Female,L015
C005,Rohan Deshmukh,55.0,Female,L011
C006,Rahul Pawar,59.0,Male,L013
C007,Amit Bhosale,23.0,Female,L004
C008,Kunal Patil,21.0, female ,L013
C009,Sahil Joshi,25.0,Male,L007
C010,Neha More,23.0,Female,L011
C011,Priya Sharma,48.0,Female,L003
C012,Ananya Kulkarni,37.0,Male,L006
C013,Sneha Jadhav,45.0,Male,L012
C014,Pooja Shinde,53.0,Female,L002
C015,Isha Deshmukh,29.0,Female,L010
C016,Kavya Pawar,55.0,Female,L013
C017,Meera Bhosale,33.0,Male,L014
C018,Riya Patil,50.0,Male,L009
C019,Tanvi Joshi,34.0,FEMALE,L005
C020,Simran More,27.0,Male,L006
C021,Aarav Sharma,33.0,Male,L012
C022,Vivaan Kulkarni,42.0,Male,L012
C023,Aditya Jadhav,59.0,Female,L012
C024,Arjun Shinde,40.0,Male,L012
C025,Rohan Deshmukh,35.0,Male,L004
C026,Rahul Pawar,,Male,L014
C027,Amit Bhosale,43.0,Female,L014
C028,Kunal Patil,45.0,Male,L011
C029,Sahil Joshi,44.0,Male,L010
C030,Neha More,60.0,Female,L007
C031,Priya Sharma,48.0,Male,L012
C032,Ananya Kulkarni,34.0,Male,L009
C033,Sneha Jadhav,20.0,Male,L007
C034,Pooja Shinde,44.0,Male,L014
C035,Isha Deshmukh,26.0,Male,L001
C036,Kavya Pawar,28.0,Female,L001
C037,Meera Bhosale,43.0,Female,L009
C038,Riya Patil,20.0,Female,L011
C039,Tanvi Joshi,27.0,Male,L014
C040,Simran More,43.0,Male,L009
C041,Aarav Sharma,30.0,Male,L004
C042,Vivaan Kulkarni,36.0,Female,L013
C043,Aditya Jadhav,27.0,Male,L009
C044,Arjun Shinde,54.0,Male,L003
C045,Rohan Deshmukh,54.0,Female,L007
C046,Rahul Pawar,52.0,Male,L006
C047,Amit Bhosale,24.0,Female,L008
C048,Kunal Patil,58.0,Female,L011
C049,Sahil Joshi,60.0,Female,L009
C050,Neha More,47.0,Male,L014
C005,Rohan Deshmukh,55.0,Female,L011
