OrderID,CustomerID,ProductID,OrderDate,Quantity,OrderStatus,PaymentMethod,Sales
O0001,C037,P022,2026-01-01,3.0,Completed,Net Banking,20997.0
O0002,C033,P024,2026-01-02,2.0,Cancelled,Debit Card,13998.0
O0003,C042,P001,2026-01-03,1.0,Shipped,Debit Card,9999.0
O0004,C044,P024,2026-01-04,2.0,Completed,UPI,13998.0
O0005,C024,P020,2026-01-05,2.0,Refunded,Cash on Delivery,29998.0
O0006,C015,P011,2026-01-06,3.0,Refunded,upi,5997.0
O0007,C032,P017,2026-01-07,2.0,Cancelled,Net Banking,1598.0
O0008,C032,P008,2026-01-08,2.0,Completed,UPI,2998.0
O0009,C024,P004,2026-01-09,3.0,Completed,Debit Card,44997.0
O0010,C041,P006,2026-01-10,2.0,Refunded,Cash on Delivery,29998.0
O0011,C049,P008,2026-01-11,2.0,Cancelled,UPI,2998.0
O0012,C049,P020,2026-01-12,2.0,Shipped,Cash on Delivery,29998.0
O0013,C012,P030,2026-01-13,1.0,Completed, UPI ,2999.0
O0014,C039,P003,2026-01-14,1.0,Shipped,Debit Card,14999.0
O0015,C002,P016,2026-01-15,1.0,Completed,Credit Card,2999.0
O0016,C003,P030,2026-01-16,3.0,Completed,Net Banking,8997.0
O0017,C049,P025,2026-01-17,5.0,Completed,Net Banking,9995.0
O0018,C037,P003,2026-01-18,2.0,Completed,Debit Card,29998.0
O0019,C049,P025,2026-01-19,2.0,Completed,Cash on Delivery,3998.0
O0020,C017,P029,2026-01-20,3.0,Cancelled,UPI,44997.0
O0021,C049,P018,2026-01-21,2.0,refunded,Cash on Delivery,2998.0
O0022,C002,P014,2026-01-22,1.0,Shipped,Debit Card,1999.0
O0023,C002,P018,2026-01-23,5.0,Completed,Net Banking,7495.0
O0024,C028,P002,2026-01-24,4.0,Completed,Cash on Delivery,27996.0
O0025,C023,P022,2026-01-25,2.0,Shipped,Net Banking,13998.0
O0026,C037,P003,2026-01-26,1.0,Completed,UPI,14999.0
O0027,C032,P016,2026-01-27,4.0,Shipped,Net Banking,11996.0
O0028,C033,P029,2026-01-28,5.0,Shipped,Net Banking,74995.0
O0029,C001,P009,2026-01-29,4.0,Completed,Credit Card,19996.0
O0030,C019,P004,2026-01-30,1.0,Completed,Credit Card,14999.0
O0031,C002,P001,2026-01-31,4.0,Shipped,Credit Card,39996.0
O0032,C044,P004,2026-02-01,3.0,Completed,Net Banking,44997.0
O0033,C026,P001,2026-02-02,4.0,Completed,Debit Card,39996.0
O0034,C032,P014,2026-02-03,2.0,Cancelled,Net Banking,3998.0
O0035,C006,P021,2026-02-04,2.0,Completed,Debit Card,1598.0
O0036,C032,P016,2026-02-05,,Completed,Debit Card,8997.0
O0037,C004,P020,2026-02-06,1.0,Cancelled,Credit Card,14999.0
O0038,C011,P024,2026-02-07,2.0,Shipped,Cash on Delivery,13998.0
O0039,C017,P008,2026-02-08,5.0,Completed,UPI,7495.0
O0040,C038,P007,2026-02-09,2.0,Completed,Credit Card,5998.0
O0041,C024,P003,2026-02-10,2.0,Completed,Credit Card,29998.0
O0042,C005,P017,2026-02-11,1.0,Completed,Cash on Delivery,799.0
O0043,C034,P001,2026-02-12,4.0,Completed,UPI,39996.0
O0044,C006,P016,2026-02-13,2.0,Shipped,Net Banking,5998.0
O0045,C022,P012,2026-02-14,3.0,Cancelled,Net Banking,2997.0
O0046,C011,P027,2026-02-15,4.0,Cancelled,Credit Card,5996.0
O0047,C048,P019,2026-02-16,5.0,Shipped,UPI,24995.0
O0048,C016,P022,2026-02-17,1.0,Refunded,Credit Card,6999.0
O0049,C033,P023,2026-02-18,5.0,Completed,Debit Card,
O0050,C009,P022,2026-02-19,4.0,Cancelled,Credit Card,27996.0
O0051,C006,P014,2026-02-20,4.0,Completed,Credit Card,7996.0
O0052,C016,P030,2026-02-21,4.0,Completed,Net Banking,11996.0
O0053,C029,P006,2026-02-22,5.0,Completed,Net Banking,74995.0
O0054,C003,P006,2026-02-23,4.0,Completed,Net Banking,59996.0
O0055,C020,P013,2026-02-24,5.0,Completed,Debit Card,14995.0
O0056,C036,P019,2026-02-25,4.0,Cancelled,Net Banking,19996.0
O0057,C019,P022,2026-02-26,3.0,Completed,UPI,20997.0
O0058,C026,P008,2026-02-27,4.0,Completed,Cash on Delivery,5996.0
O0059,C003,P027,2026-02-28,5.0,Completed,UPI,7495.0
O0060,C019,P027,2026-03-01,2.0,Refunded,UPI,2998.0
O0061,C020,P002,2026-03-02,4.0,Completed,Net Banking,27996.0
O0062,C032,P021,2026-03-03,2.0,Completed,Cash on Delivery,1598.0
O0063,C007,P030,2026-03-04,3.0,Completed,Cash on Delivery,8997.0
O0064,C041,P001,2026-03-05,1.0,Shipped,Cash on Delivery,9999.0
O0065,C033,P028,2026-03-06,3.0,Completed,Debit Card,44997.0
O0066,C040,P015,2026-03-07,4.0,Cancelled,Net Banking,19996.0
O0067,C039,P001,2026-03-08,2.0,Completed,Cash on Delivery,19998.0
O0068,C018,P005,2026-03-09,2.0,Cancelled,Debit Card,1998.0
O0069,C040,P028,2026-03-10,5.0,Completed,Credit Card,74995.0
O0070,C001,P029,2026-03-11,2.0,Cancelled,Credit Card,29998.0
O0071,C011,P016,2026-03-12,5.0,Shipped,Debit Card,14995.0
O0072,C028,P019,2026-03-13,1.0,Completed,Debit Card,4999.0
O0073,C025,P004,2026-03-14,4.0,Refunded,Net Banking,59996.0
O0074,C050,P003,2026-03-15,5.0,Cancelled,Net Banking,74995.0
O0075,C023,P017,2026-03-16,1.0,Completed,Credit Card,799.0
O0076,C031,P017,2026-03-17,2.0,Shipped,Cash on Delivery,1598.0
O0077,C030,P012,2026-03-18,2.0,Completed,Credit Card,1998.0
O0078,C042,P028,2026-03-19,1.0,Cancelled,Cash on Delivery,14999.0
O0079,C035,P030,2026-03-20,2.0,Completed,Cash on Delivery,5998.0
O0080,C007,P029,2026-03-21,1.0,Completed,Net Banking,14999.0
O0081,C016,P014,2026-03-22,5.0,Completed,credit card,9995.0
O0082,C026,P021,2026-03-23,5.0,Completed,UPI,3995.0
O0083,C048,P006,2026-03-24,1.0,Shipped,Debit Card,14999.0
O0084,C049,P003,2026-03-25,5.0,Completed,Net Banking,74995.0
O0085,C002,P028,2026-03-26,5.0,Completed,Cash on Delivery,74995.0
O0086,C001,P009,2026-03-27,5.0,Refunded,UPI,24995.0
O0087,C048,P005,2026-03-28,3.0,Cancelled,Cash on Delivery,2997.0
O0088,C012,P024,2026-03-29,4.0,Shipped,UPI,27996.0
O0089,C005,P029,2026-03-30,2.0,Completed,UPI,29998.0
O0090,C037,P017,2026-03-31,3.0,Cancelled,UPI,2397.0
O0091,C032,P014,2026-04-01,5.0,Completed,Net Banking,9995.0
O0092,C009,P021,2026-04-02,1.0,Completed,Credit Card,799.0
O0093,C041,P003,2026-04-03,5.0,Completed,Cash on Delivery,74995.0
O0094,C035,P028,2026-04-04,4.0,Refunded,Net Banking,59996.0
O0095,C019,P001,2026-04-05,5.0,Completed,Net Banking,49995.0
O0096,C048,P020,2026-04-06,1.0,Completed,Net Banking,14999.0
O0097,C016,P029,2026-04-07,4.0,Refunded,Net Banking,59996.0
O0098,C003,P021,2026-04-08,5.0,Shipped,Net Banking,3995.0
O0099,C020,P023,2026-04-09,4.0,Completed,Debit Card,19996.0
O0100,C024,P001,2026-04-10,2.0,Refunded,Cash on Delivery,19998.0
O0010,C041,P006,2026-01-10,2.0,Refunded,Cash on Delivery,29998.0
O0050,C009,P022,2026-02-19,4.0,Cancelled,Credit Card,27996.0
